auc,f1,brier
0.4234596249521622,0.9686746987951808,0.05817637003469819
