auc,f1,brier
0.5296802706040665,0.9727081875437369,0.049550908714463
