model,mae,rmse
xgboost,12925.080114373677,15253.266744405599
