model,mae,rmse
xgboost,12688.04289992062,14885.44096201672
