scenario,total_cost,cost_savings_vs_baseline,mean_contamination,contamination_reduction_vs_baseline,mean_expected_fill
combined_strategy,15073775.173854847,5814630.866667721,0.5437613034652247,0.408247096558769,108.34510205558078
add_bins_high_traffic,17268896.25364259,3619509.786879979,0.8377673920211146,0.11424100800287906,127.4648259477421
increase_pickup_high_risk,18170322.526699245,2718083.513823323,0.8758477280220742,0.07616067200191945,135.43137756947598
budget_optimized,20732246.71046982,156159.33005274832,0.9475579266224876,0.004450473401506061,157.95676320946083
paired_bins_strategy,20874655.99279934,13750.04772322625,0.7901669720199149,0.16184142800407875,159.33103243467764
improved_signage,20876273.645472664,12132.395049903542,0.8092071400203946,0.14280126000359905,159.33103243467764
baseline,20888406.040522568,0.0,0.9520084000239937,0.0,159.33103243467764
